llm_metrics_init_s,xnn_cache_bytes_after,llm_init_s,extract_s,run_id,record,vision_adapter_bytes,xnn_cache_existed,model_path,vision_encoder_bytes,model_bytes,session_init_s,xnn_cache_bytes_before,thermal_after_load,after_load_rss_mb,after_load_rss_peak_mb,after_load_footprint_mb,after_load_footprint_peak_mb,sme2,use_arm_sme2,mem_before_load_rss_mb
3.142564083,1408796840,3.1425859928131104,5.4001808166503906e-05,fixed64b_p1_sme2-0,init,17843836,True,/var/mobile/Containers/Data/Application/9B474455-F590-4999-86BE-BA2AE1E62270/Documents/Models/gemma-3n-E2B-it-int4.task,152736888,3136226711,2.9064220190048218,1408796840,nominal,2957.15625,3162.75,1527.9277725219727,1736.4435119628906,0,0,33.328125
3.080760208,1415701160,3.0807809829711914,5.900859832763672e-05,fixed64b_p1_sme2-1,init,17843836,True,/var/mobile/Containers/Data/Application/9B474455-F590-4999-86BE-BA2AE1E62270/Documents/Models/sme2/gemma-3n-E2B-it-int4.task,152736888,3136226711,2.8700720071792603,1415701160,fair,2950.15625,3156.1875,1529.9590454101562,1738.4435119628906,1,1,33.484375
3.107662291,1408796840,3.1076819896698,5.1975250244140625e-05,fixed64b_p2_sme2-0,init,17843836,True,/var/mobile/Containers/Data/Application/9B474455-F590-4999-86BE-BA2AE1E62270/Documents/Models/gemma-3n-E2B-it-int4.task,152736888,3136226711,2.9665639400482178,1408796840,fair,3007.234375,3203.546875,1528.1621475219727,1736.6778869628906,0,0,33.421875
5.04763075,1415701160,5.047715067863464,5.888938903808594e-05,fixed64b_p2_sme2-1,init,17843836,True,/var/mobile/Containers/Data/Application/9B474455-F590-4999-86BE-BA2AE1E62270/Documents/Models/sme2/gemma-3n-E2B-it-int4.task,152736888,3136226711,3.31816303730011,1415701160,fair,2574.53125,2842.015625,1529.7871475219727,1738.255989074707,1,1,33.453125
3.938545125,1408796840,3.938560962677002,5.1975250244140625e-05,fixed64b_p3_sme2-0,init,17843836,True,/var/mobile/Containers/Data/Application/9B474455-F590-4999-86BE-BA2AE1E62270/Documents/Models/gemma-3n-E2B-it-int4.task,152736888,3136226711,3.21698796749115,1408796840,serious,2723.46875,3162.4375,1528.4903182983398,1736.9435577392578,0,0,33.375
3.143054958,1415701160,3.143073081970215,5.1021575927734375e-05,fixed64b_p3_sme2-1,init,17843836,True,/var/mobile/Containers/Data/Application/9B474455-F590-4999-86BE-BA2AE1E62270/Documents/Models/sme2/gemma-3n-E2B-it-int4.task,152736888,3136226711,3.0585761070251465,1415701160,serious,2991.65625,3188.65625,1529.8652725219727,1738.380989074707,1,1,33.296875
3.086256834,1408796840,3.0862749814987183,5.2094459533691406e-05,fixed64b_p4_sme2-0,init,17843836,True,/var/mobile/Containers/Data/Application/9B474455-F590-4999-86BE-BA2AE1E62270/Documents/Models/gemma-3n-E2B-it-int4.task,152736888,3136226711,3.128332018852234,1408796840,serious,3056.21875,3248.703125,1528.2715225219727,1736.818489074707,0,0,33.421875
3.0804375,1415701160,3.0804569721221924,5.4955482482910156e-05,fixed64b_p4_sme2-1,init,17843836,True,/var/mobile/Containers/Data/Application/9B474455-F590-4999-86BE-BA2AE1E62270/Documents/Models/sme2/gemma-3n-E2B-it-int4.task,152736888,3136226711,3.0665429830551147,1415701160,serious,3048.15625,3250.109375,1529.9902954101562,1738.4591369628906,1,1,33.46875
3.084587791,1408796840,3.084609031677246,5.1021575927734375e-05,fixed64b_p5_sme2-0,init,17843836,True,/var/mobile/Containers/Data/Application/9B474455-F590-4999-86BE-BA2AE1E62270/Documents/Models/gemma-3n-E2B-it-int4.task,152736888,3136226711,3.0873759984970093,1408796840,serious,3080.453125,3288.390625,1527.8808517456055,1736.3653182983398,0,0,33.421875
3.068697708,1415701160,3.0687170028686523,5.1021575927734375e-05,fixed64b_p5_sme2-1,init,17843836,True,/var/mobile/Containers/Data/Application/9B474455-F590-4999-86BE-BA2AE1E62270/Documents/Models/sme2/gemma-3n-E2B-it-int4.task,152736888,3136226711,3.1294820308685303,1415701160,serious,3066.171875,3268.984375,1530.0684204101562,1738.5841369628906,1,1,33.4375
3.083603667,1408796840,3.0836249589920044,5.1021575927734375e-05,fixed64b_p6_sme2-0,init,17843836,True,/var/mobile/Containers/Data/Application/9B474455-F590-4999-86BE-BA2AE1E62270/Documents/Models/gemma-3n-E2B-it-int4.task,152736888,3136226711,3.2665910720825195,1408796840,serious,3100.09375,3294.875,1527.8965225219727,1736.3653869628906,0,0,33.34375
3.079714542,1415701160,3.0797369480133057,5.2928924560546875e-05,fixed64b_p6_sme2-1,init,17843836,True,/var/mobile/Containers/Data/Application/9B474455-F590-4999-86BE-BA2AE1E62270/Documents/Models/sme2/gemma-3n-E2B-it-int4.task,152736888,3136226711,3.0296260118484497,1415701160,serious,2964.296875,3270.875,1529.9277725219727,1738.365364074707,1,1,33.390625
